{
  "project_info": {
    "project_number": "114151628229",
    "firebase_url": "https://jotiapp-1036.firebaseio.com",
    "project_id": "jotiapp-1036",
    "storage_bucket": "jotiapp-1036.appspot.com"
  },
  "client": [
    {
      "client_info": {
        "mobilesdk_app_id": "1:114151628229:android:bf0cd9384cc98a0b",
        "android_client_info": {
          "package_name": "com.umbrella.joti"
        }
      },
      "oauth_client": [
        {
          "client_id": "114151628229-agj777l2dnt0da13ldfha4dbp9v11guc.apps.googleusercontent.com",
          "client_type": 3
        }
      ],
      "api_key": [
        {
          "current_key": "AIzaSyAnCV18WUrsK1ywTUEKtP-UBvwoTn0BNoo"
        }
      ],
      "services": {
        "appinvite_service": {
          "other_platform_oauth_client": [
            {
              "client_id": "114151628229-maq5b61ru1ei1emlek6ql2oe02tavs3f.apps.googleusercontent.com",
              "client_type": 3
            }
          ]
        }
      }
    },
    {
      "client_info": {
        "mobilesdk_app_id": "1:114151628229:android:39bec407f707eede",
        "android_client_info": {
          "package_name": "nl.rsdt.japp"
        }
      },
      "oauth_client": [
        {
          "client_id": "114151628229-nboqv6gf17jmamt1unuohnadh01gk2ad.apps.googleusercontent.com",
          "client_type": 1,
          "android_info": {
            "package_name": "nl.rsdt.japp",
            "certificate_hash": "a3c58a2342aec1edba7c2b6579f9df9c92ba72c4"
          }
        },
        {
          "client_id": "114151628229-faah6f558m67s7kilei30qegj3p4s9e5.apps.googleusercontent.com",
          "client_type": 1,
          "android_info": {
            "package_name": "nl.rsdt.japp",
            "certificate_hash": "75bee2d68b43fefa09c5bbdf2d51154ef79219af"
          }
        },
        {
          "client_id": "114151628229-agj777l2dnt0da13ldfha4dbp9v11guc.apps.googleusercontent.com",
          "client_type": 3
        }
      ],
      "api_key": [
        {
          "current_key": "AIzaSyAnCV18WUrsK1ywTUEKtP-UBvwoTn0BNoo"
        }
      ],
      "services": {
        "appinvite_service": {
          "other_platform_oauth_client": [
            {
              "client_id": "114151628229-maq5b61ru1ei1emlek6ql2oe02tavs3f.apps.googleusercontent.com",
              "client_type": 3
            }
          ]
        }
      }
    }
  ],
  "configuration_version": "1"
}